code,system
4149.00,readv2
4K2B.00,readv2
4JRL.00,readv2
4K55.00,readv2
685..11,readv2
6859.11,readv2
685R.00,readv2
4K2..00,readv2
4K2Z.00,readv2
685A.00,readv2
4K2..11,readv2
4K23.00,readv2
4K24.00,readv2
4K28.00,readv2
4K2..12,readv2
4K22.11,readv2
4K25.00,readv2
4K26.00,readv2
4K2C.00,readv2
4K33.00,readv2
4K34.00,readv2
4K36.00,readv2
685..12,readv2
685E.00,readv2
7E2A211,readv2
9O81.00,readv2
9O8V.00,readv2
R150000,readv2
4K21.00,readv2
4K22.00,readv2
4KA1.00,readv2
L9160NG,oxmis
L9162N,oxmis
4K27.00,readv2
4K27.11,readv2
4K29.00,readv2
4K3..00,readv2
4K36.12,readv2
4K2A.00,readv2
4K2D.00,readv2
4K2E.00,readv2
4K2Z.11,readv2
4KA4.00,readv2
685B.00,readv2
685C.00,readv2
9O8A.00,readv2
9O8R.00,readv2
R150.11,readv2
4K31.00,readv2
4K32.00,readv2
4K3B.00,readv2
4K3C.00,readv2
4K3Z.00,readv2
4K35.00,readv2
4K35.11,readv2
4K3A.00,readv2
R150100,readv2
4K4..00,readv2
4K48.00,readv2
4K49.00,readv2
4K4Z.00,readv2
4KA..00,readv2
7E2A300,readv2
685..00,readv2
6859.00,readv2
685Z.00,readv2
ZV76200,readv2
685D.00,readv2
981..00,readv2
981..11,readv2
7E2A000,readv2
7E2A200,readv2
R150.00,readv2
R150.12,readv2
R150z00,readv2
R151.00,readv2
9O8T.00,readv2
9O8U.00,readv2
ZV76211,readv2
ZV76212,readv2
9O89.00,oxmis
9O89.11,oxmis
L9161AC,oxmis
L3230T,oxmis
L9160,oxmis
L9162,oxmis
L9162BA,oxmis
L9162PJ,oxmis
L9162PP,oxmis
L9162PQ,oxmis